doi,title,error,notes,verified_date
10.3390/rs13183596,Evaluation of a Method for Calculating the Height of the Stable Boundary Layer Based on Wind Profile Lidar and Turbulent Fluxes,"403 Forbidden from MDPI (https://www.mdpi.com/2072-4292/13/18/3596/pdf?version=1632363175). MDPI blocks scripted downloads — open the article in a browser, copy the Cookie header from DevTools into --cookies-file (same format as AMS), then re-run.",Manual review of failed scan — not a CLAMPS hit,2026-06-11
10.5194/acp-2022-615-rc2,Comment on acp-2022-615,404 Client Error: Not Found for url: https://acp.copernicus.org/preprints/acp-2022-615-rc2/acp-2022-615-rc2.pdf,Manual review of failed scan — not a CLAMPS hit,2026-06-11
10.1088/1748-9326/11/4/044024,Ground-level climate at a peatland wind farm in Scotland is affected by wind turbine operation,"Response is not a PDF (200, 14371 bytes, text/html; charset=UTF-8). Publisher returned HTML — AMS papers need fresh --cookies-file; Copernicus discussion comments may have no PDF.",Manual review of failed scan — not a CLAMPS hit,2026-06-11
10.5065/d6833qr4,"NOAA/ATDD Belle Mina, Alabama Doppler Lidar Turbulent Kinetic Energy Profile Data. Version 1.0","Response is not a PDF (200, 1831 bytes, text/plain;charset=utf-8). Publisher returned HTML — AMS papers need fresh --cookies-file; Copernicus discussion comments may have no PDF.",Manual review of failed scan — not a CLAMPS hit,2026-06-11
10.1029/2018gl080667,The Carr Fire Vortex: A Case of Pyrotornadogenesis?,403 Client Error: Forbidden for url: https://agupubs.onlinelibrary.wiley.com/doi/pdfdirect/10.1029/2018GL080667,Manual review of failed scan — not a CLAMPS hit,2026-06-11
10.1002/2017gl076908,Response of the Land‐Atmosphere System Over North‐Central Oklahoma During the 2017 Eclipse,403 Client Error: Forbidden for url: https://agupubs.onlinelibrary.wiley.com/doi/pdfdirect/10.1002/2017GL076908,Manual review of failed scan — not a CLAMPS hit,2026-06-11
10.1029/2017rg000593,Remote Sensing of Droplet Number Concentration in Warm Clouds: A Review of the Current State of Knowledge and Perspectives,403 Client Error: Forbidden for url: https://onlinelibrary.wiley.com/doi/pdfdirect/10.1029/2017RG000593,Manual review of failed scan — not a CLAMPS hit,2026-06-11
10.3390/atmos9070268,Innovative Strategies for Observations in the Arctic Atmospheric Boundary Layer (ISOBAR)—The Hailuoto 2017 Campaign,"403 Forbidden from MDPI (https://www.mdpi.com/2073-4433/9/7/268/pdf?version=1531741406). MDPI blocks scripted downloads — open the article in a browser, copy the Cookie header from DevTools into --cookies-file (same format as AMS), then re-run.",Manual review of failed scan — not a CLAMPS hit,2026-06-11
10.5194/angeo-35-181-2017,Large-scale gravity wave perturbations in the mesopause region above Northern Hemisphere midlatitudes during autumnal equinox: a joint study by the USU Na lidar and Whole Atmosphere Community Climate Model,"('Connection aborted.', ConnectionResetError(54, 'Connection reset by peer'))",Manual review of failed scan — not a CLAMPS hit,2026-06-11
10.1029/2024jd040779,Evaluation of the Planetary Boundary Layer Height From ERA5 Reanalysis With MOSAiC Observations Over the Arctic Ocean,403 Client Error: Forbidden for url: https://onlinelibrary.wiley.com/doi/pdfdirect/10.1029/2024JD040779,Manual review of failed scan — not a CLAMPS hit,2026-06-11
10.1002/we.2936,Evaluation of Hub‐Height Wind Forecasts Over the New York Bight,403 Client Error: Forbidden for url: https://onlinelibrary.wiley.com/doi/pdfdirect/10.1002/we.2936,Manual review of failed scan — not a CLAMPS hit,2026-06-11
10.1029/2023jd040473,Assessing the Fidelity of Landfalling Tropical Cyclone Convective‐Scale Environments in the Warn‐On‐Forecast System Using Radiosondes,403 Client Error: Forbidden for url: https://onlinelibrary.wiley.com/doi/pdfdirect/10.1029/2023JD040473,Manual review of failed scan — not a CLAMPS hit,2026-06-11
10.1175/bams-d-24-0108.1,The MatterHEX Experiment—Investigating Atmospheric Flow Patterns in Highly Complex Terrain Related to Banner Cloud Formation,503 Server Error: Service Temporarily Unavailable for url: https://journals.ametsoc.org/downloadpdf/view/journals/bams/aop/BAMS-D-24-0108.1/BAMS-D-24-0108.1.pdf,Manual review of failed scan — not a CLAMPS hit,2026-06-11
10.5194/wes-10-483-2025,Linking large-scale weather patterns to observed and modeled turbine hub-height winds offshore of the US West Coast,"('Connection aborted.', ConnectionResetError(54, 'Connection reset by peer'))",Manual review of failed scan — not a CLAMPS hit,2026-06-11
10.3390/rs16061075,High-Resolution Remote Sensing of the Gradient Richardson Number in a Megacity Boundary Layer,"403 Forbidden from MDPI (https://www.mdpi.com/2072-4292/16/6/1075/pdf?version=1710846358). MDPI blocks scripted downloads — open the article in a browser, copy the Cookie header from DevTools into --cookies-file (same format as AMS), then re-run.",Manual review of failed scan — not a CLAMPS hit,2026-06-11
10.1029/2024gl113273,Inverse Energy Cascades in the Boundary Layer During Strong Winds Based on Doppler Lidar,403 Client Error: Forbidden for url: https://onlinelibrary.wiley.com/doi/pdfdirect/10.1029/2024GL113273,Manual review of failed scan — not a CLAMPS hit,2026-06-11
10.22541/essoar.174547923.31206306/v1,Fusing Machine Learning and Doppler Lidar Data for Convective Boundary Layer Height Prediction,403 Client Error: Forbidden for url: https://essopenarchive.org/doi/pdf/10.22541/essoar.174547923.31206306/v1,Manual review of failed scan — not a CLAMPS hit,2026-06-11
10.1029/2024jd043059,Exposing Process‐Level Biases in a Global Cloud Permitting Model With ARM Observations,403 Client Error: Forbidden for url: https://onlinelibrary.wiley.com/doi/pdfdirect/10.1029/2024JD043059,Manual review of failed scan — not a CLAMPS hit,2026-06-11
10.5194/egusphere-2024-2894-rc1,Comment on egusphere-2024-2894,"('Connection aborted.', ConnectionResetError(54, 'Connection reset by peer'))",Manual review of failed scan — not a CLAMPS hit,2026-06-11
10.3390/rs17081399,Characterizing Seasonal Variation of the Atmospheric Mixing Layer Height Using Machine Learning Approaches,"403 Forbidden from MDPI (https://www.mdpi.com/2072-4292/17/8/1399/pdf?version=1744642615). MDPI blocks scripted downloads — open the article in a browser, copy the Cookie header from DevTools into --cookies-file (same format as AMS), then re-run.",Manual review of failed scan — not a CLAMPS hit,2026-06-11
10.3390/rs17091652,Characteristics of Eddy Dissipation Rates in Atmosphere Boundary Layer Using Doppler Lidar,"403 Forbidden from MDPI (https://www.mdpi.com/2072-4292/17/9/1652/pdf?version=1746618572). MDPI blocks scripted downloads — open the article in a browser, copy the Cookie header from DevTools into --cookies-file (same format as AMS), then re-run.",Manual review of failed scan — not a CLAMPS hit,2026-06-11
10.5194/amt-18-5129-2025,A large-eddy simulation exploration of the assumptions used in retrieving entrainment from a mixing diagram approach with ground-based remote sensors,"('Connection aborted.', ConnectionResetError(54, 'Connection reset by peer'))",Manual review of failed scan — not a CLAMPS hit,2026-06-11
10.5194/wcd-5-609-2024,Exploring the daytime boundary layer evolution based on Doppler spectrum width from multiple coplanar wind lidars during CROSSINN,"('Connection aborted.', ConnectionResetError(54, 'Connection reset by peer'))",Manual review of failed scan — not a CLAMPS hit,2026-06-11
10.5194/egusphere-2023-1924,First measurements of 3-Dimensional winds up to 25 km based on Aerosol backscatter using a compact Doppler lidar with multiple fields of view,"('Connection aborted.', ConnectionResetError(54, 'Connection reset by peer'))",Manual review of failed scan — not a CLAMPS hit,2026-06-11
10.5194/essd-14-4153-2022,"A benchmark dataset of diurnal- and seasonal-scale radiation, heat, and CO <sub>2</sub> fluxes in a typical East Asian monsoon region","('Connection aborted.', ConnectionResetError(54, 'Connection reset by peer'))",Manual review of failed scan — not a CLAMPS hit,2026-06-11
10.1175/mwr-d-23-0069.1,Measurements and Model Improvement: Insight into NWP Model Error Using Doppler Lidar and Other WFIP2 Measurement Systems,503 Server Error: Service Temporarily Unavailable for url: https://journals.ametsoc.org/downloadpdf/journals/mwre/151/12/MWR-D-23-0069.1.pdf,Manual review of failed scan — not a CLAMPS hit,2026-06-11
10.1029/2023jd038809,Isolating and Investigating Updrafts Induced by Wildland Fires Using an Airborne Doppler Lidar During FIREX‐AQ,403 Client Error: Forbidden for url: https://onlinelibrary.wiley.com/doi/pdfdirect/10.1029/2023JD038809,Manual review of failed scan — not a CLAMPS hit,2026-06-11
10.1175/jamc-d-22-0206.1,Investigation of Hydrostatic Imbalance with Field Observations,503 Server Error: Service Temporarily Unavailable for url: https://journals.ametsoc.org/downloadpdf/view/journals/apme/63/1/JAMC-D-22-0206.1.pdf,Manual review of failed scan — not a CLAMPS hit,2026-06-11
10.3847/25c2cfeb.e35c5812,Wave-induced Mixing and Transport in the Middle Atmosphere-Lower Thermosphere (MLT),403 Client Error: Forbidden for url: https://baas.aas.org/pub/2023n3i122/download/pdf,Manual review of failed scan — not a CLAMPS hit,2026-06-11
10.1175/jamc-d-22-0128.1,Doppler Lidar Measurements of Wind Variability and LLJ Properties in Central Oklahoma during the August 2017 Land–Atmosphere Feedback Experiment,503 Server Error: Service Temporarily Unavailable for url: https://journals.ametsoc.org/downloadpdf/journals/apme/62/8/JAMC-D-22-0128.1.pdf,Manual review of failed scan — not a CLAMPS hit,2026-06-11
10.5194/acp-23-3453-2023,Boundary layer moisture variability at the Atmospheric Radiation Measurement (ARM) Eastern North Atlantic observatory during marine conditions,"('Connection aborted.', ConnectionResetError(54, 'Connection reset by peer'))",Manual review of failed scan — not a CLAMPS hit,2026-06-11
10.3390/atmos14101540,Analysis of the Causes and Wind Field Structure of a Dry Microburst in a Weak Weather Background,"403 Forbidden from MDPI (https://www.mdpi.com/2073-4433/14/10/1540/pdf?version=1696774298). MDPI blocks scripted downloads — open the article in a browser, copy the Cookie header from DevTools into --cookies-file (same format as AMS), then re-run.",Manual review of failed scan — not a CLAMPS hit,2026-06-11
10.5194/gmd-16-1779-2023,A method for generating a quasi-linear convective system suitable for observing system simulation experiments,"('Connection aborted.', ConnectionResetError(54, 'Connection reset by peer'))",Manual review of failed scan — not a CLAMPS hit,2026-06-11
10.1175/jtech-d-22-0037.1,A Comparison of Convective Storm Inflow Moisture Variability between the Great Plains and the Southeastern United States Using Multiplatform Field Campaign Observations,503 Server Error: Service Temporarily Unavailable for url: https://journals.ametsoc.org/downloadpdf/view/journals/atot/40/5/JTECH-D-22-0037.1.pdf,Manual review of failed scan — not a CLAMPS hit,2026-06-11
10.3390/rs16030548,Validation of ERA5 Boundary Layer Meteorological Variables by Remote-Sensing Measurements in the Southeast China Mountains,"403 Forbidden from MDPI (https://www.mdpi.com/2072-4292/16/3/548/pdf?version=1706697958). MDPI blocks scripted downloads — open the article in a browser, copy the Cookie header from DevTools into --cookies-file (same format as AMS), then re-run.",Manual review of failed scan — not a CLAMPS hit,2026-06-11
10.5194/amt-2024-31,The ALOMAR Rayleigh/Mie/Raman lidar: status after 30 years of operation,"('Connection aborted.', ConnectionResetError(54, 'Connection reset by peer'))",Manual review of failed scan — not a CLAMPS hit,2026-06-11
10.1175/bams-d-21-0330.1,FESSTVaL: The Field Experiment on Submesoscale Spatio-Temporal Variability in Lindenberg,503 Server Error: Service Temporarily Unavailable for url: https://journals.ametsoc.org/downloadpdf/journals/bams/aop/BAMS-D-21-0330.1/BAMS-D-21-0330.1.pdf,Manual review of failed scan — not a CLAMPS hit,2026-06-11
10.5194/acp-21-17079-2021,"Investigation of near-global daytime boundary layer height using high-resolution radiosondes: first results and comparison with ERA5, MERRA-2, JRA-55, and NCEP-2 reanalyses","('Connection aborted.', ConnectionResetError(54, 'Connection reset by peer'))",Manual review of failed scan — not a CLAMPS hit,2026-06-11
10.3390/atmos12030376,"In Situ, Rotor-Based Drone Measurement of Wind Vector and Aerosol Concentration in Volcanic Areas","403 Forbidden from MDPI (https://www.mdpi.com/2073-4433/12/3/376/pdf?version=1615773686). MDPI blocks scripted downloads — open the article in a browser, copy the Cookie header from DevTools into --cookies-file (same format as AMS), then re-run.",Manual review of failed scan — not a CLAMPS hit,2026-06-11
10.3390/app11167658,Re-Visiting Acoustic Sounding to Advance the Measurement of Optical Turbulence,"403 Forbidden from MDPI (https://www.mdpi.com/2076-3417/11/16/7658/pdf?version=1629794079). MDPI blocks scripted downloads — open the article in a browser, copy the Cookie header from DevTools into --cookies-file (same format as AMS), then re-run.",Manual review of failed scan — not a CLAMPS hit,2026-06-11
10.1175/jas-d-21-0040.1,Mean flow and turbulence characteristics of a nocturnal downburst recorded on a 213 m tall meteorological tower,503 Server Error: Service Temporarily Unavailable for url: https://journals.ametsoc.org/downloadpdf/journals/atsc/78/11/JAS-D-21-0040.1.pdf,Manual review of failed scan — not a CLAMPS hit,2026-06-11
10.3390/atmos12030325,High–Resolution Modeling of Airflows and Particle Deposition over Complex Terrain at Sakurajima Volcano,"403 Forbidden from MDPI (https://www.mdpi.com/2073-4433/12/3/325/pdf?version=1615771588). MDPI blocks scripted downloads — open the article in a browser, copy the Cookie header from DevTools into --cookies-file (same format as AMS), then re-run.",Manual review of failed scan — not a CLAMPS hit,2026-06-11
10.1002/we.2641,Global patterns of offshore wind variability,403 Client Error: Forbidden for url: https://onlinelibrary.wiley.com/doi/pdfdirect/10.1002/we.2641,Manual review of failed scan — not a CLAMPS hit,2026-06-11
10.3390/atmos12091103,Edge Detection Method for Determining Boundary Layer Height Based on Doppler Lidar,"403 Forbidden from MDPI (https://www.mdpi.com/2073-4433/12/9/1103/pdf?version=1630057717). MDPI blocks scripted downloads — open the article in a browser, copy the Cookie header from DevTools into --cookies-file (same format as AMS), then re-run.",Manual review of failed scan — not a CLAMPS hit,2026-06-11
10.5194/amt-2021-233-rc2,Comment on amt-2021-233,"('Connection aborted.', ConnectionResetError(54, 'Connection reset by peer'))",Manual review of failed scan — not a CLAMPS hit,2026-06-11
10.5194/acp-2021-391-rc3,Comment on acp-2021-391,"('Connection aborted.', ConnectionResetError(54, 'Connection reset by peer'))",Manual review of failed scan — not a CLAMPS hit,2026-06-11
10.5194/acp-2021-243-rc1,Comment on acp-2021-243,"('Connection aborted.', ConnectionResetError(54, 'Connection reset by peer'))",Manual review of failed scan — not a CLAMPS hit,2026-06-11
10.5194/amt-2021-295,"Boundary-layer height and surface stability at SMEAR II, Hyytiälä, Finland in ERA5 and observations","('Connection aborted.', ConnectionResetError(54, 'Connection reset by peer'))",Manual review of failed scan — not a CLAMPS hit,2026-06-11
10.3390/atmos11050505,Estimations of the Mexicali Valley (Mexico) Mixing Height,"403 Forbidden from MDPI (https://www.mdpi.com/2073-4433/11/5/505/pdf?version=1590665667). MDPI blocks scripted downloads — open the article in a browser, copy the Cookie header from DevTools into --cookies-file (same format as AMS), then re-run.",Manual review of failed scan — not a CLAMPS hit,2026-06-11
10.3390/rs12182951,Doppler Aerosol WiNd (DAWN) Lidar during CPEX 2017: Instrument Performance and Data Utility,"403 Forbidden from MDPI (https://www.mdpi.com/2072-4292/12/18/2951/pdf). MDPI blocks scripted downloads — open the article in a browser, copy the Cookie header from DevTools into --cookies-file (same format as AMS), then re-run.",Manual review of failed scan — not a CLAMPS hit,2026-06-11
10.1029/2020gl088242,Differentiating Between Tornadic and Nontornadic Supercells Using Polarimetric Radar Signatures of Hydrometeor Size Sorting,403 Client Error: Forbidden for url: https://onlinelibrary.wiley.com/doi/pdfdirect/10.1029/2020GL088242,Manual review of failed scan — not a CLAMPS hit,2026-06-11
10.3390/rs14102321,"Wind and Turbulence Statistics in the Urban Boundary Layer over a Mountain–Valley System in Granada, Spain","403 Forbidden from MDPI (https://www.mdpi.com/2072-4292/14/10/2321/pdf?version=1652263892). MDPI blocks scripted downloads — open the article in a browser, copy the Cookie header from DevTools into --cookies-file (same format as AMS), then re-run.",Manual review of failed scan — not a CLAMPS hit,2026-06-11
10.3390/rs14061333,Lidar and Radar Signal Simulation: Stability Assessment of the Aerosol–Cloud Interaction Index,"403 Forbidden from MDPI (https://www.mdpi.com/2072-4292/14/6/1333/pdf?version=1648013714). MDPI blocks scripted downloads — open the article in a browser, copy the Cookie header from DevTools into --cookies-file (same format as AMS), then re-run.",Manual review of failed scan — not a CLAMPS hit,2026-06-11
10.3390/atmos13091341,"Impact of Lidar Data Assimilation on Simulating Afternoon Thunderstorms near Pingtung Airport, Taiwan: A Case Study","403 Forbidden from MDPI (https://www.mdpi.com/2073-4433/13/9/1341/pdf?version=1661218539). MDPI blocks scripted downloads — open the article in a browser, copy the Cookie header from DevTools into --cookies-file (same format as AMS), then re-run.",Manual review of failed scan — not a CLAMPS hit,2026-06-11
10.3390/rs14153841,Evolution and Structure of a Dry Microburst Line Observed by Multiple Remote Sensors in a Plateau Airport,"403 Forbidden from MDPI (https://www.mdpi.com/2072-4292/14/15/3841/pdf?version=1660042949). MDPI blocks scripted downloads — open the article in a browser, copy the Cookie header from DevTools into --cookies-file (same format as AMS), then re-run.",Manual review of failed scan — not a CLAMPS hit,2026-06-11
10.1029/2022jd037021,Distinct Dynamical and Structural Properties of Marine Stratocumulus and Shallow Cumulus Clouds in the Eastern North Atlantic,403 Client Error: Forbidden for url: https://onlinelibrary.wiley.com/doi/pdfdirect/10.1029/2022jd037021,Manual review of failed scan — not a CLAMPS hit,2026-06-11
10.3390/rs14205150,Local-Scale Horizontal CO2 Flux Estimation Incorporating Differential Absorption Lidar and Coherent Doppler Wind Lidar,"403 Forbidden from MDPI (https://www.mdpi.com/2072-4292/14/20/5150/pdf?version=1666764879). MDPI blocks scripted downloads — open the article in a browser, copy the Cookie header from DevTools into --cookies-file (same format as AMS), then re-run.",Manual review of failed scan — not a CLAMPS hit,2026-06-11
10.1515/noise-2022-0008,Synchronized acoustic and atmospheric measurement system for characterization of atmospheric sound propagation,"Response is not a PDF (202, 0 bytes, text/html; charset=UTF-8). Publisher returned HTML — AMS papers need fresh --cookies-file; Copernicus discussion comments may have no PDF.",Manual review of failed scan — not a CLAMPS hit,2026-06-11
10.1139/as-2021-0048,"Surface temperature inversion characteristics in dissimilar valleys, Yukon Canada",403 Client Error: Forbidden for url: https://cdnsciencepub.com/doi/pdf/10.1139/AS-2021-0048,Manual review of failed scan — not a CLAMPS hit,2026-06-11
10.1002/essoar.10511424.2,"Space - scale resolved surface fluxes across a heterogeneous, mid-latitude forested landscape",403 Client Error: Forbidden for url: https://faye.authorea.com/doi/pdf/10.1002/essoar.10511424.2,Manual review of failed scan — not a CLAMPS hit,2026-06-11
10.1029/2022jf006675,"Quantifying Mechanisms of Aeolian Dust Emission: Field Measurements at Etosha Pan, Namibia",403 Client Error: Forbidden for url: https://onlinelibrary.wiley.com/doi/pdfdirect/10.1029/2022JF006675,Manual review of failed scan — not a CLAMPS hit,2026-06-11
10.1029/2021jd036418,Orographic‐Induced Strong Wind Associated With a Low‐Pressure System Under Clear‐Air Condition During ICE‐POP 2018,403 Client Error: Forbidden for url: https://onlinelibrary.wiley.com/doi/pdfdirect/10.1029/2021jd036418,Manual review of failed scan — not a CLAMPS hit,2026-06-11
10.1029/2021jd035830,Measurements of a Dusty Density Current in the Western Sonoran Desert,403 Client Error: Forbidden for url: https://onlinelibrary.wiley.com/doi/pdfdirect/10.1029/2021JD035830,Manual review of failed scan — not a CLAMPS hit,2026-06-11
10.1029/2022jd037137,Long‐Term Observations of Turbulence Vertical Velocity Spectra in a Convective Mixed Layer: Dependence on Land‐Surface Forcing in the U.S. Southern Great Plains,403 Client Error: Forbidden for url: https://onlinelibrary.wiley.com/doi/pdfdirect/10.1029/2022JD037137,Manual review of failed scan — not a CLAMPS hit,2026-06-11
10.3390/atmos11111178,Investigation of Marine Wind Veer Characteristics Using Wind Lidar Measurements,"403 Forbidden from MDPI (https://www.mdpi.com/2073-4433/11/11/1178/pdf?version=1604140300). MDPI blocks scripted downloads — open the article in a browser, copy the Cookie header from DevTools into --cookies-file (same format as AMS), then re-run.",Manual review of failed scan — not a CLAMPS hit,2026-06-11
10.3390/atmos9030080,Moist Orographic Convection: Physical Mechanisms and Links to Surface-Exchange Processes,"403 Forbidden from MDPI (https://www.mdpi.com/2073-4433/9/3/80/pdf?version=1519541783). MDPI blocks scripted downloads — open the article in a browser, copy the Cookie header from DevTools into --cookies-file (same format as AMS), then re-run.",Manual review of failed scan — not a CLAMPS hit,2026-06-11
10.3390/rs9030242,Characterization of Turbulence in Wind Turbine Wakes under Different Stability Conditions from Static Doppler LiDAR Measurements,"403 Forbidden from MDPI (https://www.mdpi.com/2072-4292/9/3/242/pdf?version=1488701240). MDPI blocks scripted downloads — open the article in a browser, copy the Cookie header from DevTools into --cookies-file (same format as AMS), then re-run.",Manual review of failed scan — not a CLAMPS hit,2026-06-11
10.1002/we.2484,Offshore wind farm wake recovery: Airborne measurements and its representation in engineering models,403 Client Error: Forbidden for url: https://onlinelibrary.wiley.com/doi/pdfdirect/10.1002/we.2484,Manual review of failed scan — not a CLAMPS hit,2026-06-11
10.1002/2015jd024494,"Simultaneous and common‐volume lidar observations of K/Na layers and temperature at Arecibo Observatory (18°N, 67°W)",403 Client Error: Forbidden for url: https://agupubs.onlinelibrary.wiley.com/doi/pdfdirect/10.1002/2015JD024494,Manual review of failed scan — not a CLAMPS hit,2026-06-11
10.1002/asl.660,On the link between cold fronts and hail in Switzerland,403 Client Error: Forbidden for url: https://rmets.onlinelibrary.wiley.com/doi/pdfdirect/10.1002/asl.660,Manual review of failed scan — not a CLAMPS hit,2026-06-11
10.1002/2016jd025453,OH* imager response to turbulence‐induced temperature fluctuations,403 Client Error: Forbidden for url: https://agupubs.onlinelibrary.wiley.com/doi/pdfdirect/10.1002/2016JD025453,Manual review of failed scan — not a CLAMPS hit,2026-06-11
10.3390/en10030317,Wind Farm Wake: The 2016 Horns Rev Photo Case,"403 Forbidden from MDPI (https://www.mdpi.com/1996-1073/10/3/317/pdf?version=1489391413). MDPI blocks scripted downloads — open the article in a browser, copy the Cookie header from DevTools into --cookies-file (same format as AMS), then re-run.",Manual review of failed scan — not a CLAMPS hit,2026-06-11
10.1029/2019jd030287,Characteristics of Atmospheric Turbulence Retrieved From High Vertical‐Resolution Radiosonde Data in the United States,403 Client Error: Forbidden for url: https://onlinelibrary.wiley.com/doi/pdfdirect/10.1029/2019JD030287,Manual review of failed scan — not a CLAMPS hit,2026-06-11
10.5194/amt-2020-238-rc1,Review for Tangborn et al. 2020,404 Client Error: Not Found for url: https://amt.copernicus.org/preprints/amt-2020-238-rc1/amt-2020-238-rc1.pdf,Manual review of failed scan — not a CLAMPS hit,2026-06-11
,"Cloud, Aerosol, and Complex Terrain Interactions (CACTI) Science Plan","Response is not a PDF (200, 63375 bytes, text/html;charset=UTF-8). Publisher returned HTML — AMS papers need fresh --cookies-file; Copernicus discussion comments may have no PDF.",Manual review of failed scan — not a CLAMPS hit,2026-06-11
10.3390/atmos10010036,"Summertime Urban Mixing Layer Height over Sofia, Bulgaria","403 Forbidden from MDPI (https://www.mdpi.com/2073-4433/10/1/36/pdf?version=1547712922). MDPI blocks scripted downloads — open the article in a browser, copy the Cookie header from DevTools into --cookies-file (same format as AMS), then re-run.",Manual review of failed scan — not a CLAMPS hit,2026-06-11
10.1175/bams-d-18-0316.1,Results of the Tokyo Metropolitan Area Convection Study for Extreme Weather Resilient Cities (TOMACS),404 Client Error:  for url: https://journals.ametsoc.org/bams/article-pdf/100/10/2027/4871599/bams-d-18-0316_1.pdf,Manual review of failed scan — not a CLAMPS hit,2026-06-11
10.5194/acp-2018-1300,Nocturnal boundary layer turbulence regimes analysis during the BLLAST campaign,"('Connection aborted.', ConnectionResetError(54, 'Connection reset by peer'))",Manual review of failed scan — not a CLAMPS hit,2026-06-11
10.5194/acp-19-2015-2019,"Interactions between the atmosphere, cryosphere, and ecosystems at northern high latitudes","('Connection aborted.', ConnectionResetError(54, 'Connection reset by peer'))",Manual review of failed scan — not a CLAMPS hit,2026-06-11
10.3390/s19122770,Estimating the Vertical Structure of Weather-Induced Mission Costs for Small UAS,"403 Forbidden from MDPI (https://www.mdpi.com/1424-8220/19/12/2770/pdf?version=1561016572). MDPI blocks scripted downloads — open the article in a browser, copy the Cookie header from DevTools into --cookies-file (same format as AMS), then re-run.",Manual review of failed scan — not a CLAMPS hit,2026-06-11
10.3390/atmos10020077,Effect of Vertical Air Motion on Disdrometer Derived Z-R Coefficients,"403 Forbidden from MDPI (https://www.mdpi.com/2073-4433/10/2/77/pdf?version=1550140634). MDPI blocks scripted downloads — open the article in a browser, copy the Cookie header from DevTools into --cookies-file (same format as AMS), then re-run.",Manual review of failed scan — not a CLAMPS hit,2026-06-11
10.3390/rs14133225,Data Reliability Enhancement for Wind-Turbine-Mounted Lidars,"403 Forbidden from MDPI (https://www.mdpi.com/2072-4292/14/13/3225/pdf?version=1657210501). MDPI blocks scripted downloads — open the article in a browser, copy the Cookie header from DevTools into --cookies-file (same format as AMS), then re-run.",Manual review of failed scan — not a CLAMPS hit,2026-06-11
10.3390/atmos15020220,Growth and Breakdown of Kelvin–Helmholtz Billows in the Stable Atmospheric Boundary Layer,"403 Forbidden from MDPI (https://www.mdpi.com/2073-4433/15/2/220/pdf?version=1707728655). MDPI blocks scripted downloads — open the article in a browser, copy the Cookie header from DevTools into --cookies-file (same format as AMS), then re-run.",Manual review of failed scan — not a CLAMPS hit,2026-06-11
10.3390/app14020782,Full-Scale/Model Test Comparisons to Validate the Traditional Atmospheric Boundary Layer Wind Tunnel Tests: Literature Review and Personal Perspectives,"403 Forbidden from MDPI (https://www.mdpi.com/2076-3417/14/2/782/pdf?version=1705469611). MDPI blocks scripted downloads — open the article in a browser, copy the Cookie header from DevTools into --cookies-file (same format as AMS), then re-run.",Manual review of failed scan — not a CLAMPS hit,2026-06-11
10.3390/app15010083,Evidence of Terrain-Induced Windshear Due to Lantau Island over the Third Runway of the Hong Kong International Airport—Examples and Numerical Simulations,"403 Forbidden from MDPI (https://www.mdpi.com/2076-3417/15/1/83/pdf?version=1735206892). MDPI blocks scripted downloads — open the article in a browser, copy the Cookie header from DevTools into --cookies-file (same format as AMS), then re-run.",Manual review of failed scan — not a CLAMPS hit,2026-06-11
10.1049/rpg2.13110,Effect of temperature on seasonal wind power and energy potential estimates in Nordic climates,403 Client Error: Forbidden for url: https://onlinelibrary.wiley.com/doi/pdfdirect/10.1049/rpg2.13110,Manual review of failed scan — not a CLAMPS hit,2026-06-11
10.1029/2024gl110565,Convectively Induced Secondary Circulations and Wind‐Driven Heat Fluxes in the Surface Energy Balance Over Land,403 Client Error: Forbidden for url: https://onlinelibrary.wiley.com/doi/pdfdirect/10.1029/2024GL110565,Manual review of failed scan — not a CLAMPS hit,2026-06-11
10.22541/essoar.173482358.82216774/v1,"Analyses of Atmospheric Turbulence Near Surface Observed by Unmanned Aerial Vehicle in the Suburban Area of Seoul Metropolitan, South Korea",403 Client Error: Forbidden for url: https://essopenarchive.org/doi/pdf/10.22541/essoar.173482358.82216774,Manual review of failed scan — not a CLAMPS hit,2026-06-11
10.1515/phys-2023-0154,Application of low-altitude wind shear recognition algorithm and laser wind radar in aviation meteorological services,"Response is not a PDF (202, 0 bytes, text/html; charset=UTF-8). Publisher returned HTML — AMS papers need fresh --cookies-file; Copernicus discussion comments may have no PDF.",Manual review of failed scan — not a CLAMPS hit,2026-06-11
10.1029/2025gl119298,Sunset Bores Over the Southern North China Plain,403 Client Error: Forbidden for url: https://onlinelibrary.wiley.com/doi/pdfdirect/10.1029/2025GL119298,Manual review of failed scan — not a CLAMPS hit,2026-06-11
10.1002/asl.1294,Spatial structure of local winds “Rokko‐oroshi”: A case study using Doppler lidar observation and <scp>WRF</scp> simulation,403 Client Error: Forbidden for url: https://onlinelibrary.wiley.com/doi/pdfdirect/10.1002/asl.1294,Manual review of failed scan — not a CLAMPS hit,2026-06-11
10.3390/atmos15030309,Inter-Comparison of Lightning Measurements in Quasi-Linear Convective Systems,"403 Forbidden from MDPI (https://www.mdpi.com/2073-4433/15/3/309/pdf?version=1709216036). MDPI blocks scripted downloads — open the article in a browser, copy the Cookie header from DevTools into --cookies-file (same format as AMS), then re-run.",Manual review of failed scan — not a CLAMPS hit,2026-06-11
10.1029/2024jd041429,Investigation of Coastal Winds and Turbulence Characteristics Using Doppler Lidar,403 Client Error: Forbidden for url: https://onlinelibrary.wiley.com/doi/pdfdirect/10.1029/2024JD041429,Manual review of failed scan — not a CLAMPS hit,2026-06-11
10.3390/atmos14050767,A Framework to Predict Community Risk from Severe Weather Threats Using Probabilistic Hazard Information (PHI),"403 Forbidden from MDPI (https://www.mdpi.com/2073-4433/14/5/767/pdf?version=1682259415). MDPI blocks scripted downloads — open the article in a browser, copy the Cookie header from DevTools into --cookies-file (same format as AMS), then re-run.",Manual review of failed scan — not a CLAMPS hit,2026-06-11
10.1175/bams-d-23-0030.1,urbisphere-Berlin Campaign: Investigating Multiscale Urban Impacts on the Atmospheric Boundary Layer,500 Server Error:  for url: https://journals.ametsoc.org/downloadpdf/view/journals/bams/aop/BAMS-D-23-0030.1/BAMS-D-23-0030.1.pdf,Manual review of failed scan — not a CLAMPS hit,2026-06-11
10.3390/rs16081473,Wind Profile Reconstruction Based on Convolutional Neural Network for Incoherent Doppler Wind LiDAR,"403 Forbidden from MDPI (https://www.mdpi.com/2072-4292/16/8/1473/pdf?version=1713775111). MDPI blocks scripted downloads — open the article in a browser, copy the Cookie header from DevTools into --cookies-file (same format as AMS), then re-run.",Manual review of failed scan — not a CLAMPS hit,2026-06-11
10.1002/qj.4799,"The impact of mesh size, turbulence parameterization, and land‐surface‐exchange scheme on simulations of the mountain boundary layer in the hectometric range",403 Client Error: Forbidden for url: https://onlinelibrary.wiley.com/doi/pdfdirect/10.1002/qj.4799,Manual review of failed scan — not a CLAMPS hit,2026-06-11
10.1029/2024jd041927,Operational Capability of Drone‐Based Meteorological Profiling in an Urban Area,403 Client Error: Forbidden for url: https://onlinelibrary.wiley.com/doi/pdfdirect/10.1029/2024JD041927,Manual review of failed scan — not a CLAMPS hit,2026-06-11
10.3390/s24072101,On the Applicability of Ground-Based Microwave Radiometers for Urban Boundary Layer Research,"403 Forbidden from MDPI (https://www.mdpi.com/1424-8220/24/7/2101/pdf?version=1711385036). MDPI blocks scripted downloads — open the article in a browser, copy the Cookie header from DevTools into --cookies-file (same format as AMS), then re-run.",Manual review of failed scan — not a CLAMPS hit,2026-06-11
10.3390/rs16060989,Near-Surface Wind Profiling in a Utility-Scale Onshore Wind Farm Using Scanning Doppler Lidar: Quality Control and Validation,"403 Forbidden from MDPI (https://www.mdpi.com/2072-4292/16/6/989/pdf?version=1710227701). MDPI blocks scripted downloads — open the article in a browser, copy the Cookie header from DevTools into --cookies-file (same format as AMS), then re-run.",Manual review of failed scan — not a CLAMPS hit,2026-06-11
10.3390/rs16081463,Locating and Grading of Lidar-Observed Aircraft Wake Vortex Based on Convolutional Neural Networks,"403 Forbidden from MDPI (https://www.mdpi.com/2072-4292/16/8/1463/pdf?version=1713608335). MDPI blocks scripted downloads — open the article in a browser, copy the Cookie header from DevTools into --cookies-file (same format as AMS), then re-run.",Manual review of failed scan — not a CLAMPS hit,2026-06-11
10.22541/essoar.172245359.98758236/v1,Lidar-based evaluation of HRRR performance in the Diablo Range,403 Client Error: Forbidden for url: https://essopenarchive.org/doi/pdf/10.22541/essoar.172245359.98758236,Manual review of failed scan — not a CLAMPS hit,2026-06-11
10.3390/photonics12010092,Parameter Study on Ultraviolet Rayleigh–Brillouin Doppler Lidar with Dual-Pass Dual Fabry–Perot Interferometer for Accurately Measuring Near-Surface to Lower Stratospheric Wind Field,"403 Forbidden from MDPI (https://www.mdpi.com/2304-6732/12/1/92/pdf?version=1737389043). MDPI blocks scripted downloads — open the article in a browser, copy the Cookie header from DevTools into --cookies-file (same format as AMS), then re-run.",Manual review of failed scan — not a CLAMPS hit,2026-06-11
10.1029/2024gl112400,Orography‐Induced Atmospheric Small‐Scale Waves During Bora Using Lidar Observations and Numerical Simulations,403 Client Error: Forbidden for url: https://onlinelibrary.wiley.com/doi/pdfdirect/10.1029/2024GL112400,Manual review of failed scan — not a CLAMPS hit,2026-06-11
10.3390/rs17243937,"Characteristics of Planetary Boundary Layer Height (PBLH) over Shenzhen, China: Retrieval Methods and Air Pollution Conditions","403 Forbidden from MDPI (https://www.mdpi.com/2072-4292/17/24/3937/pdf?version=1764930404). MDPI blocks scripted downloads — open the article in a browser, copy the Cookie header from DevTools into --cookies-file (same format as AMS), then re-run.",Manual review of failed scan — not a CLAMPS hit,2026-06-11
10.63581/jocpes.v5i1.05,Automated Analysis of Radiosonde Temperature Data Using Python: A Study on Data Homogenization and Climate Trends Observed at Sta. Met. Kelas I Sultan Iskandar Muda - Banda Aceh,404 Client Error: Not Found for url: https://journal.physan.org/index.php/jocpes/article/download/53/40,Manual review of failed scan — not a CLAMPS hit,2026-06-11
10.3390/rs18030470,The Prediction of Low-Level Jet Using Machine Learning Based on Turbulence Observations and Remote Sensing,"403 Forbidden from MDPI (https://www.mdpi.com/2072-4292/18/3/470/pdf?version=1770021578). MDPI blocks scripted downloads — open the article in a browser, copy the Cookie header from DevTools into --cookies-file (same format as AMS), then re-run.",Manual review of failed scan — not a CLAMPS hit,2026-06-11
10.3390/atmos17010107,A Pilot Study on Meteorological Support for the Low-Altitude Economy—Consistency of Meteorological Measurements on UAS with Numerical Simulation Results,"403 Forbidden from MDPI (https://www.mdpi.com/2073-4433/17/1/107/pdf?version=1768994630). MDPI blocks scripted downloads — open the article in a browser, copy the Cookie header from DevTools into --cookies-file (same format as AMS), then re-run.",Manual review of failed scan — not a CLAMPS hit,2026-06-11
10.5194/wes-2025-79-rc1,Comment on wes-2025-79,404 Client Error: Not Found for url: https://wes.copernicus.org/preprints/wes-2025-79-rc1/wes-2025-79-rc1.pdf,Manual review of failed scan — not a CLAMPS hit,2026-06-11
10.1029/2025jd043852,Observation and Large‐Eddy Simulation of an Offshore Atmospheric Undular Bore During Sea‐Breeze Initiation,403 Client Error: Forbidden for url: https://onlinelibrary.wiley.com/doi/pdfdirect/10.1029/2025jd043852,Manual review of failed scan — not a CLAMPS hit,2026-06-11
10.1029/2024jd042106,Mechanism of Turbulence Structure Evolution in the Nocturnal Boundary Layer During the Interaction of Low‐Level Jet and Internal Gravity Waves: Based on Full Boundary Layer Turbulence Observations,403 Client Error: Forbidden for url: https://onlinelibrary.wiley.com/doi/pdfdirect/10.1029/2024JD042106,Manual review of failed scan — not a CLAMPS hit,2026-06-11
10.1175/jamc-d-24-0075.1,"Impact of the Bowen Ratio on Surface-Layer Parameterizations of Heat, Moisture, and Turbulent Fluxes in Drylands",500 Server Error:  for url: https://journals.ametsoc.org/downloadpdf/view/journals/apme/aop/JAMC-D-24-0075.1/JAMC-D-24-0075.1.pdf,Manual review of failed scan — not a CLAMPS hit,2026-06-11
10.3390/app15179442,High-Resolution Numerical Weather Simulation of Three Windshear Events at an Airport on the Qinghai–Tibet Plateau,"403 Forbidden from MDPI (https://www.mdpi.com/2076-3417/15/17/9442/pdf?version=1756381002). MDPI blocks scripted downloads — open the article in a browser, copy the Cookie header from DevTools into --cookies-file (same format as AMS), then re-run.",Manual review of failed scan — not a CLAMPS hit,2026-06-11
10.1029/2025jh000652,Exploring the Level of Organization of Turbulent Coherent Structures in the Atmospheric Surface Layer Through Supervised Classification of Doppler Lidar Observations,403 Client Error: Forbidden for url: https://onlinelibrary.wiley.com/doi/pdfdirect/10.1029/2025JH000652,Manual review of failed scan — not a CLAMPS hit,2026-06-11
10.3390/atmos16020188,Dissipation Scaling with a Variable Cϵ Coefficient in the Stable Atmospheric Boundary Layer,"403 Forbidden from MDPI (https://www.mdpi.com/2073-4433/16/2/188/pdf?version=1738918978). MDPI blocks scripted downloads — open the article in a browser, copy the Cookie header from DevTools into --cookies-file (same format as AMS), then re-run.",Manual review of failed scan — not a CLAMPS hit,2026-06-11
10.3390/atmos13050750,"Convection Initiation Associated with the Merger of an Immature Sea-Breeze Front and a Gust Front in Bohai Bay Region, North China: A Case Study","403 Forbidden from MDPI (https://www.mdpi.com/2073-4433/13/5/750/pdf?version=1652320434). MDPI blocks scripted downloads — open the article in a browser, copy the Cookie header from DevTools into --cookies-file (same format as AMS), then re-run.",Manual review of failed scan — not a CLAMPS hit,2026-06-11
10.3390/rs15225397,"An Observation of Precipitation during Cooling with Ka-Band Cloud Radar in Wuhan, China","403 Forbidden from MDPI (https://www.mdpi.com/2072-4292/15/22/5397/pdf?version=1700211367). MDPI blocks scripted downloads — open the article in a browser, copy the Cookie header from DevTools into --cookies-file (same format as AMS), then re-run.",Manual review of failed scan — not a CLAMPS hit,2026-06-11
10.1117/12.3072756,Detector performance of the spaceborne Doppler wind LiDARaboard the Aeolus satellite,"Response is not a PDF (200, 41493 bytes, text/html; charset=utf-8). Publisher returned HTML — AMS papers need fresh --cookies-file; Copernicus discussion comments may have no PDF.",Manual review of failed scan — not a CLAMPS hit,2026-06-11
10.3390/atmos14020268,Time-Series Prediction of Intense Wind Shear Using Machine Learning Algorithms: A Case Study of Hong Kong International Airport,"403 Forbidden from MDPI (https://www.mdpi.com/2073-4433/14/2/268/pdf?version=1676454023). MDPI blocks scripted downloads — open the article in a browser, copy the Cookie header from DevTools into --cookies-file (same format as AMS), then re-run.",Manual review of failed scan — not a CLAMPS hit,2026-06-11
10.1029/2022jd036921,The Roles of Surface Convergence Line and Upper‐Level Forcing on Convection Initiation Ahead of a Gust Front: A Case Study,403 Client Error: Forbidden for url: https://onlinelibrary.wiley.com/doi/pdfdirect/10.1029/2022JD036921,Manual review of failed scan — not a CLAMPS hit,2026-06-11
10.3390/rs15225336,The Design and Performance Evaluation of a 1550 nm All-Fiber Dual-Polarization Coherent Doppler Lidar for Atmospheric Aerosol Measurements,"403 Forbidden from MDPI (https://www.mdpi.com/2072-4292/15/22/5336/pdf?version=1699852373). MDPI blocks scripted downloads — open the article in a browser, copy the Cookie header from DevTools into --cookies-file (same format as AMS), then re-run.",Manual review of failed scan — not a CLAMPS hit,2026-06-11
10.3390/atmos14050901,"Remote Polar Boundary Layer Wind Profiling Using an All-Fiber Pulsed Coherent Doppler Lidar at Zhongshan Station, Antarctica","403 Forbidden from MDPI (https://www.mdpi.com/2073-4433/14/5/901/pdf?version=1684733980). MDPI blocks scripted downloads — open the article in a browser, copy the Cookie header from DevTools into --cookies-file (same format as AMS), then re-run.",Manual review of failed scan — not a CLAMPS hit,2026-06-11
10.3390/atmos14091412,Surface Mesonet and Upper Air Analysis of the 21 August 2017 Total Solar Eclipse,"403 Forbidden from MDPI (https://www.mdpi.com/2073-4433/14/9/1412/pdf?version=1694081241). MDPI blocks scripted downloads — open the article in a browser, copy the Cookie header from DevTools into --cookies-file (same format as AMS), then re-run.",Manual review of failed scan — not a CLAMPS hit,2026-06-11
10.1029/2021ea002081,A Comparison of Processing Methods for the Oklahoma Lightning Mapping Array,403 Client Error: Forbidden for url: https://onlinelibrary.wiley.com/doi/pdfdirect/10.1029/2021EA002081,Manual review of failed scan — not a CLAMPS hit,2026-06-11
10.1109/jstars.2022.3189037,A Spatio-Temporal Neural Network for Fine-Scale Wind Field Nowcasting Based on Lidar Observation,404 Client Error: Not Found for url: https://ieeexplore.ieee.org/ielx7/4609443/4609444/09817617.pdf?tag=1,Manual review of failed scan — not a CLAMPS hit,2026-06-11
10.1029/2023jd038918,Classification of Turbulent Mixing Driven Sources in Marine Atmospheric Boundary Layer With Use of Shipborne Coherent Doppler Lidar Observations,403 Client Error: Forbidden for url: https://onlinelibrary.wiley.com/doi/pdfdirect/10.1029/2023jd038918,Manual review of failed scan — not a CLAMPS hit,2026-06-11
10.1155/2022/3050507,Conv-Wake: A Lightweight Framework for Aircraft Wake Recognition,403 Client Error: Forbidden for url: https://downloads.hindawi.com/journals/js/2022/3050507.pdf,Manual review of failed scan — not a CLAMPS hit,2026-06-11
10.1029/2021ea002176,Comparison of Lower Stratosphere Wind Observations From the USTC's Rayleigh Doppler Lidar and the ESA's Satellite Mission Aeolus,403 Client Error: Forbidden for url: https://onlinelibrary.wiley.com/doi/pdfdirect/10.1029/2021EA002176,Manual review of failed scan — not a CLAMPS hit,2026-06-11
10.5194/gi-2022-9-rc1,Comment on gi-2022-9,404 Client Error: Not Found for url: https://gi.copernicus.org/preprints/gi-2022-9-rc1/gi-2022-9-rc1.pdf,Manual review of failed scan — not a CLAMPS hit,2026-06-11
10.5194/acp-2022-436-rc1,Comment on acp-2022-436,404 Client Error: Not Found for url: https://acp.copernicus.org/preprints/acp-2022-436-rc1/acp-2022-436-rc1.pdf,Manual review of failed scan — not a CLAMPS hit,2026-06-11
10.3390/photonics9040235,Analyzing the Effects of a Basin on Atmospheric Environment Relevant to Optical Turbulence,"403 Forbidden from MDPI (https://www.mdpi.com/2304-6732/9/4/235/pdf?version=1648870034). MDPI blocks scripted downloads — open the article in a browser, copy the Cookie header from DevTools into --cookies-file (same format as AMS), then re-run.",Manual review of failed scan — not a CLAMPS hit,2026-06-11
10.1029/2021jg006707,Advancing Cross‐Disciplinary Understanding of Land‐Atmosphere Interactions,403 Client Error: Forbidden for url: https://onlinelibrary.wiley.com/doi/pdfdirect/10.1029/2021jg006707,Manual review of failed scan — not a CLAMPS hit,2026-06-11
10.5194/egusphere-2023-1546,Rotary-wing drone-induced flow – comparison of simulations with lidar measurements,404 Client Error: Not Found for url: https://egusphere.copernicus.org/preprints/egusphere-2023-1546/egusphere-2023-1546.pdf,Manual review of failed scan — not a CLAMPS hit,2026-06-11
10.3390/atmos14060972,"Examining the Effectiveness of Doppler Lidar-Based Observation Nudging in WRF Simulation for Wind Field: A Case Study over Osaka, Japan","403 Forbidden from MDPI (https://www.mdpi.com/2073-4433/14/6/972/pdf?version=1685686108). MDPI blocks scripted downloads — open the article in a browser, copy the Cookie header from DevTools into --cookies-file (same format as AMS), then re-run.",Manual review of failed scan — not a CLAMPS hit,2026-06-11
10.3390/atmos14091382,Evaluation of an Automatic Meteorological Drone Based on a 6-Month Measurement Campaign,"403 Forbidden from MDPI (https://www.mdpi.com/2073-4433/14/9/1382/pdf?version=1693498232). MDPI blocks scripted downloads — open the article in a browser, copy the Cookie header from DevTools into --cookies-file (same format as AMS), then re-run.",Manual review of failed scan — not a CLAMPS hit,2026-06-11
10.1063/5.0172559,Ensemble flow reconstruction in the atmospheric boundary layer from spatially limited measurements through latent diffusion models,403 Client Error: Forbidden for url: https://pubs.aip.org/aip/pof/article-pdf/doi/10.1063/5.0172559/18253603/126604_1_5.0172559.pdf,Manual review of failed scan — not a CLAMPS hit,2026-06-11
10.1029/2022gl102683,Co‐Located Wind and Temperature Observations at Mid‐Latitudes During Mesospheric Inversion Layer Events,403 Client Error: Forbidden for url: https://onlinelibrary.wiley.com/doi/pdfdirect/10.1029/2022GL102683,Manual review of failed scan — not a CLAMPS hit,2026-06-11
10.3390/rs15143655,Comparison of Spring Wind Gusts in the Eastern Part of the Tibetan Plateau and along the Coast: The Role of Turbulence,"403 Forbidden from MDPI (https://www.mdpi.com/2072-4292/15/14/3655/pdf?version=1689953468). MDPI blocks scripted downloads — open the article in a browser, copy the Cookie header from DevTools into --cookies-file (same format as AMS), then re-run.",Manual review of failed scan — not a CLAMPS hit,2026-06-11
10.5194/amt-2023-143-rc1,Comment on amt-2023-143,404 Client Error: Not Found for url: https://amt.copernicus.org/preprints/amt-2023-143-rc1/amt-2023-143-rc1.pdf,Manual review of failed scan — not a CLAMPS hit,2026-06-11
10.1029/2022gl102578,Observational Investigation of the Effect of Turbulence on Microphysics and Precipitation in Warm Marine Boundary Layer Clouds,403 Client Error: Forbidden for url: https://onlinelibrary.wiley.com/doi/pdfdirect/10.1029/2022GL102578,Manual review of failed scan — not a CLAMPS hit,2026-06-11
10.1029/2022jd037425,Observations of Offshore Internal Boundary Layers,403 Client Error: Forbidden for url: https://onlinelibrary.wiley.com/doi/pdfdirect/10.1029/2022JD037425,Manual review of failed scan — not a CLAMPS hit,2026-06-11
10.1088/1742-6596/2505/1/012012,Multi-scale modeling of a wind turbine wake in complex terrain,"Response is not a PDF (200, 14371 bytes, text/html; charset=UTF-8). Publisher returned HTML — AMS papers need fresh --cookies-file; Copernicus discussion comments may have no PDF.",Manual review of failed scan — not a CLAMPS hit,2026-06-11
10.1109/jmw.2023.3283395,Making Waves: Microwaves in Climate Change,404 Client Error: Not Found for url: https://ieeexplore.ieee.org/ielx7/9171629/9206027/10167661.pdf?tag=1,Manual review of failed scan — not a CLAMPS hit,2026-06-11
10.1111/risa.14215,Interpretable ensemble imbalance learning strategies for the risk assessment of severe‐low‐level wind shear based on LiDAR and PIREPs,403 Client Error: Forbidden for url: https://onlinelibrary.wiley.com/doi/pdfdirect/10.1111/risa.14215,Manual review of failed scan — not a CLAMPS hit,2026-06-11
10.1117/12.2680406,Improvement of the system efficiency of low coherence Doppler lidar,"Response is not a PDF (200, 36043 bytes, text/html; charset=utf-8). Publisher returned HTML — AMS papers need fresh --cookies-file; Copernicus discussion comments may have no PDF.",Manual review of failed scan — not a CLAMPS hit,2026-06-11
10.1002/qj.4541,Impact of assimilating Aeolus observations in the global model ICON: A global statistical overview,403 Client Error: Forbidden for url: https://onlinelibrary.wiley.com/doi/pdfdirect/10.1002/qj.4541,Manual review of failed scan — not a CLAMPS hit,2026-06-11
10.1029/2023jd038542,"Impact of Assimilating C‐Band Phased‐Array Radar Data With EnKF on the Forecast of Convection Initiation: A Case Study in Beijing, China",403 Client Error: Forbidden for url: https://onlinelibrary.wiley.com/doi/pdfdirect/10.1029/2023JD038542,Manual review of failed scan — not a CLAMPS hit,2026-06-11
10.1029/2020jd033870,Idealized Model Simulations to Determine Impacts of Storm‐Relative Winds on Differential Reflectivity and Specific Differential Phase Fields,403 Client Error: Forbidden for url: https://onlinelibrary.wiley.com/doi/pdfdirect/10.1029/2020JD033870,Manual review of failed scan — not a CLAMPS hit,2026-06-11
10.1117/12.2584935,Front Matter: Volume 11531,"Response is not a PDF (200, 28032 bytes, text/html; charset=utf-8). Publisher returned HTML — AMS papers need fresh --cookies-file; Copernicus discussion comments may have no PDF.",Manual review of failed scan — not a CLAMPS hit,2026-06-11
10.1175/mwr-d-20-0080.1,Near-Surface Vortex Formation in Supercells from the Perspective of Vortex Patch Dynamics,503 Server Error: Service Temporarily Unavailable for url: https://journals.ametsoc.org/downloadpdf/journals/mwre/148/8/mwrD200080.pdf,Manual review of failed scan — not a CLAMPS hit,2026-06-11
10.1175/jas-d-20-0164.1,Controls of Quasi-Linear Convective System Tornado Intensity,403 Client Error: Forbidden for url: https://repository.library.noaa.gov/view/noaa/60122/noaa_60122_DS1.pdf,Manual review of failed scan — not a CLAMPS hit,2026-06-11
10.1029/2021jd035728,"Vertical Transport of Sensible Heat and Meteoric Na by the Complete Temporal Spectrum of Gravity Waves in the MLT Above McMurdo (77.84°S, 166.67°E), Antarctica",403 Client Error: Forbidden for url: https://onlinelibrary.wiley.com/doi/pdfdirect/10.1029/2021JD035728,Manual review of failed scan — not a CLAMPS hit,2026-06-11
10.1175/mwr-d-21-0265.1,Observations of the Discrete Propagation of a Mesoscale Convective System during RELAMPAGO–CACTI,503 Server Error: Service Temporarily Unavailable for url: https://journals.ametsoc.org/downloadpdf/view/journals/mwre/150/8/MWR-D-21-0265.1.pdf,Manual review of failed scan — not a CLAMPS hit,2026-06-11
10.5194/essd-2020-314-rc1,Review Comments,404 Client Error: Not Found for url: https://essd.copernicus.org/preprints/essd-2020-314-rc1/essd-2020-314-rc1.pdf,Manual review of failed scan — not a CLAMPS hit,2026-06-11
10.1175/waf-d-17-0120.1,Cold-Season Tornadoes: Climatological and Meteorological Insights,503 Server Error: Service Temporarily Unavailable for url: https://journals.ametsoc.org/downloadpdf/view/journals/wefo/33/3/waf-d-17-0120_1.pdf,Manual review of failed scan — not a CLAMPS hit,2026-06-11
10.1029/2018jd029055,"The Dynamical Coupling of Convective Updrafts, Downdrafts, and Cold Pools in Simulated Supercell Thunderstorms",403 Client Error: Forbidden for url: https://agupubs.onlinelibrary.wiley.com/doi/pdfdirect/10.1029/2018JD029055,Manual review of failed scan — not a CLAMPS hit,2026-06-11
10.1029/2019gl084099,"Using Overshooting Top Area to Discriminate Potential for Large, Intense Tornadoes",403 Client Error: Forbidden for url: https://onlinelibrary.wiley.com/doi/pdfdirect/10.1029/2019GL084099,Manual review of failed scan — not a CLAMPS hit,2026-06-11
10.1175/mwr-d-19-0085.1,The Use of High-Resolution Sounding Data to Evaluate and Optimize Nonlocal PBL Schemes for Simulating the Slightly Stable Upper Convective Boundary Layer,503 Server Error: Service Temporarily Unavailable for url: https://journals.ametsoc.org/mwr/article-pdf/147/10/3825/4847948/mwr-d-19-0085_1.pdf,Manual review of failed scan — not a CLAMPS hit,2026-06-11
10.1175/jamc-d-18-0224.1,The Empirical Dependence of Tornadogenesis on Elevation Roughness: Historical Record Analysis Using Bayes’s Law in Arkansas,503 Server Error: Service Temporarily Unavailable for url: https://journals.ametsoc.org/downloadpdf/view/journals/apme/58/2/jamc-d-18-0224.1.pdf,Manual review of failed scan — not a CLAMPS hit,2026-06-11
10.1175/waf-d-19-0099.1,Observed Relationship between Tornado Intensity and Pretornadic Mesocyclone Characteristics,503 Server Error: Service Temporarily Unavailable for url: https://journals.ametsoc.org/downloadpdf/journals/wefo/35/4/wafD190099.pdf,Manual review of failed scan — not a CLAMPS hit,2026-06-11
10.1175/mwr-d-19-0146.1,Observations of Extreme Short-Term Precipitation Associated with Supercells and Mesovortices,503 Server Error: Service Temporarily Unavailable for url: https://journals.ametsoc.org/downloadpdf/view/journals/mwre/148/1/mwr-d-19-0146.1.pdf,Manual review of failed scan — not a CLAMPS hit,2026-06-11
10.1117/12.2524057,Front Matter: Volume 10833,"Response is not a PDF (200, 28462 bytes, text/html; charset=utf-8). Publisher returned HTML — AMS papers need fresh --cookies-file; Copernicus discussion comments may have no PDF.",Manual review of failed scan — not a CLAMPS hit,2026-06-11
10.1127/metz/2023/1122,Performance of large-eddy simulations for capturing low-level wind shear at the Hong Kong International Airport for a whole wind-shear (spring) season,"Response is not a PDF (200, 418855 bytes, image/jpeg). Publisher returned HTML — AMS papers need fresh --cookies-file; Copernicus discussion comments may have no PDF.",Manual review of failed scan — not a CLAMPS hit,2026-06-11
10.13140/rg.2.2.13492.67202,Impact du changement climatique sur la turbulence en ciel clair pour l'aviation,"Response is not a PDF (200, 12611 bytes, text/html; charset=utf-8). Publisher returned HTML — AMS papers need fresh --cookies-file; Copernicus discussion comments may have no PDF.",Manual review of failed scan — not a CLAMPS hit,2026-06-11
10.1029/2023ea003499,Bias‐Eliminating Techniques in the Computation of Power Spectra for Characterizing Gravity Waves: Interleaved Methods and Error Analyses,403 Client Error: Forbidden for url: https://onlinelibrary.wiley.com/doi/pdfdirect/10.1029/2023EA003499,Manual review of failed scan — not a CLAMPS hit,2026-06-11
10.1016/j.renene.2024.120136,Analysis of NREL-5MW wind turbine wake under varied incoming turbulence conditions,403 Client Error: Forbidden for url: https://scholars.cityu.edu.hk/files/236679836/216493372.pdf,Manual review of failed scan — not a CLAMPS hit,2026-06-11
10.1117/12.3014698,160W narrow-linewidth fiber laser with a homemade polarization-maintaining Tm-doped fiber,"Response is not a PDF (200, 42141 bytes, text/html; charset=utf-8). Publisher returned HTML — AMS papers need fresh --cookies-file; Copernicus discussion comments may have no PDF.",Manual review of failed scan — not a CLAMPS hit,2026-06-11
10.3390/atmos16070810,Some Interesting Observations of Cross-Mountain East-to-Southeasterly Flow at Hong Kong International Airport and Their Numerical Simulations,"403 Forbidden from MDPI (https://www.mdpi.com/2073-4433/16/7/810/pdf?version=1751379067). MDPI blocks scripted downloads — open the article in a browser, copy the Cookie header from DevTools into --cookies-file (same format as AMS), then re-run.",Manual review of failed scan — not a CLAMPS hit,2026-06-11
10.1175/bams-d-24-0162.1,NextGen TV and Advanced Emergency Alerting: The Future of TV Warnings and Alerts,503 Server Error: Service Temporarily Unavailable for url: https://journals.ametsoc.org/downloadpdf/view/journals/bams/106/8/BAMS-D-24-0162.1.pdf,Manual review of failed scan — not a CLAMPS hit,2026-06-11
10.3390/en18102626,CFD in Urban Wind Resource Assessments: A Review,"403 Forbidden from MDPI (https://www.mdpi.com/1996-1073/18/10/2626/pdf?version=1747706668). MDPI blocks scripted downloads — open the article in a browser, copy the Cookie header from DevTools into --cookies-file (same format as AMS), then re-run.",Manual review of failed scan — not a CLAMPS hit,2026-06-11
10.3390/atmos16070802,A Signal Processing-Guided Deep Learning Framework for Wind Shear Prediction on Airport Runways,"403 Forbidden from MDPI (https://www.mdpi.com/2073-4433/16/7/802/pdf?version=1751357049). MDPI blocks scripted downloads — open the article in a browser, copy the Cookie header from DevTools into --cookies-file (same format as AMS), then re-run.",Manual review of failed scan — not a CLAMPS hit,2026-06-11
10.3390/atmos17030314,Comparison of Near-Surface Turbulence Spectral Shapes over Built and Open Terrain Using Commercial Drones as Portable Probes,"403 Forbidden from MDPI (https://www.mdpi.com/2073-4433/17/3/314/pdf). MDPI blocks scripted downloads — open the article in a browser, copy the Cookie header from DevTools into --cookies-file (same format as AMS), then re-run.",Manual review of failed scan — not a CLAMPS hit,2026-06-11
10.1071/wf23045,Observations of a rotating pyroconvective plume,403 Client Error: Forbidden for url: https://connectsci.au/wf/article-lookup/doi/10.1071/WF23045,Manual review of failed scan — not a CLAMPS hit,2026-06-11
10.1175/jas-d-23-0079.1,Mechanisms of Low-Level Jet Formation in the U.S. Mid-Atlantic Offshore,503 Server Error: Service Temporarily Unavailable for url: https://journals.ametsoc.org/downloadpdf/view/journals/atsc/81/1/JAS-D-23-0079.1.pdf,Manual review of failed scan — not a CLAMPS hit,2026-06-11
10.54337/aau7747043651,PROTECTION STRATEGY FOR MULTI-TERMINAL HB-MMC BASED HVDC GRIDS,403 Client Error: Forbidden for url: https://vbn.aau.dk/files/747043651/PHD_SHAN_ONLINE.pdf,Manual review of failed scan — not a CLAMPS hit,2026-06-11
10.3390/rs15225373,"The Relationship between Land Surface Temperature and Air Temperature in the Douro Demarcated Region, Portugal","403 Forbidden from MDPI (https://www.mdpi.com/2072-4292/15/22/5373/pdf?version=1700116132). MDPI blocks scripted downloads — open the article in a browser, copy the Cookie header from DevTools into --cookies-file (same format as AMS), then re-run.",Manual review of failed scan — not a CLAMPS hit,2026-06-11
10.1029/2023gl102825,The Impact of Offshore‐Propagating Squall Lines on Coastal‐Mountain Flows,403 Client Error: Forbidden for url: https://onlinelibrary.wiley.com/doi/pdfdirect/10.1029/2023GL102825,Manual review of failed scan — not a CLAMPS hit,2026-06-11
10.1002/we.2858,Real‐time rotor effective wind speed estimation based on actuator disc theory: Design and full‐scale experimental validation,403 Client Error: Forbidden for url: https://onlinelibrary.wiley.com/doi/pdfdirect/10.1002/we.2858,Manual review of failed scan — not a CLAMPS hit,2026-06-11
10.54302/mausam.v74i4.3527,Observation and numerical simulation of dust devils at the Hong Kong International Airport in sea breeze situation,404 Client Error: Not Found for url: https://mausamjournal.imd.gov.in/index.php/MAUSAM/article/download/3527/5667,Manual review of failed scan — not a CLAMPS hit,2026-06-11
10.1002/we.2827,"New insights on wind turbine wakes from large‐eddy simulation: Wake contraction, dual nature, and temperature effects",403 Client Error: Forbidden for url: https://onlinelibrary.wiley.com/doi/pdfdirect/10.1002/we.2827,Manual review of failed scan — not a CLAMPS hit,2026-06-11
10.3390/en16093906,From Hydrometeor Size Distribution Measurements to Projections of Wind Turbine Blade Leading-Edge Erosion,"403 Forbidden from MDPI (https://www.mdpi.com/1996-1073/16/9/3906/pdf?version=1683283179). MDPI blocks scripted downloads — open the article in a browser, copy the Cookie header from DevTools into --cookies-file (same format as AMS), then re-run.",Manual review of failed scan — not a CLAMPS hit,2026-06-11
10.1029/2023ea003296,The Variations of Gravity Wave Activities During the Formation of the Large Horizontal Wind Shears in the Static State Lower Thermosphere,403 Client Error: Forbidden for url: https://onlinelibrary.wiley.com/doi/pdfdirect/10.1029/2023EA003296,Manual review of failed scan — not a CLAMPS hit,2026-06-11
10.1063/5.0208957,Investigating the loading of robotic palletized module by simulation,403 Client Error: Forbidden for url: https://pubs.aip.org/aip/acp/article-pdf/doi/10.1063/5.0208957/19898447/060001_1_5.0208957.pdf,Manual review of failed scan — not a CLAMPS hit,2026-06-11
10.22541/essoar.167397432.26750100/v1,Co-located wind and temperature observations at mid-latitudes during mesospheric inversion layer events,403 Client Error: Forbidden for url: https://essopenarchive.org/doi/pdf/10.22541/essoar.167397432.26750100,Manual review of failed scan — not a CLAMPS hit,2026-06-11
10.3390/en16166003,Experimental Study on the Influence of Incoming Flow on Wind Turbine Power and Wake Based on Wavelet Analysis,"403 Forbidden from MDPI (https://www.mdpi.com/1996-1073/16/16/6003/pdf?version=1692186272). MDPI blocks scripted downloads — open the article in a browser, copy the Cookie header from DevTools into --cookies-file (same format as AMS), then re-run.",Manual review of failed scan — not a CLAMPS hit,2026-06-11
10.3390/atmos15010020,Explainable Boosting Machine: A Contemporary Glass-Box Strategy for the Assessment of Wind Shear Severity in the Runway Vicinity Based on the Doppler Light Detection and Ranging Data,"403 Forbidden from MDPI (https://www.mdpi.com/2073-4433/15/1/20/pdf?version=1703399289). MDPI blocks scripted downloads — open the article in a browser, copy the Cookie header from DevTools into --cookies-file (same format as AMS), then re-run.",Manual review of failed scan — not a CLAMPS hit,2026-06-11
10.1049/rpg2.12903,DC protection coordination for multi‐terminal HB‐MMC‐based HVDC grids,403 Client Error: Forbidden for url: https://onlinelibrary.wiley.com/doi/pdfdirect/10.1049/rpg2.12903,Manual review of failed scan — not a CLAMPS hit,2026-06-11
10.1029/2023jd039586,Airborne Measurements of Scale‐Dependent Latent Heat Flux Impacted by Water Vapor and Vertical Velocity Over Heterogeneous Land Surfaces During the CHEESEHEAD19 Campaign,403 Client Error: Forbidden for url: https://onlinelibrary.wiley.com/doi/pdfdirect/10.1029/2023JD039586,Manual review of failed scan — not a CLAMPS hit,2026-06-11
